USE MusicSalon 
GO

INSERT INTO InstrumentsCost(Title, Cost) VALUES ('Violin', 300)
INSERT INTO InstrumentsCost(Title, Cost) VALUES ('Cello', 400)
INSERT INTO InstrumentsCost(Title, Cost) VALUES ('Double bass', 500)
INSERT INTO InstrumentsCost(Title, Cost) VALUES ('Grand Piano', 500)
INSERT INTO InstrumentsCost(Title, Cost) VALUES ('Piano', 450)
INSERT INTO InstrumentsCost(Title, Cost) VALUES ('Keyboard', 400)
INSERT INTO InstrumentsCost(Title, Cost) VALUES ('Harp', 450)
INSERT INTO InstrumentsCost(Title, Cost) VALUES ('Drums', 450)
INSERT INTO InstrumentsCost(Title, Cost) VALUES ('Flute', 300)
INSERT INTO InstrumentsCost(Title, Cost) VALUES ('Clarinet', 300)
INSERT INTO InstrumentsCost(Title, Cost) VALUES ('Acoustic guitar', 300)
INSERT INTO InstrumentsCost(Title, Cost) VALUES ('Bass guitar', 400)
INSERT INTO InstrumentsCost(Title, Cost) VALUES ('Electric guitar', 400)
INSERT INTO InstrumentsCost(Title, Cost) VALUES ('Trombone', 300)

INSERT INTO Instruments(Title, Ready) VALUES ('Violin', 1)
INSERT INTO Instruments(Title, Ready) VALUES ('Violin', 1)
INSERT INTO Instruments(Title, Ready) VALUES ('Violin', 1)
INSERT INTO Instruments(Title, Ready) VALUES ('Violin', 1)
INSERT INTO Instruments(Title, Ready) VALUES ('Cello', 1)
INSERT INTO Instruments(Title, Ready) VALUES ('Cello', 1)
INSERT INTO Instruments(Title, Ready) VALUES ('Double bass', 1)
INSERT INTO Instruments(Title, Ready) VALUES ('Grand Piano', 1)
INSERT INTO Instruments(Title, Ready) VALUES ('Piano', 1)
INSERT INTO Instruments(Title, Ready) VALUES ('Piano', 1)
INSERT INTO Instruments(Title, Ready) VALUES ('Keyboard', 1)
INSERT INTO Instruments(Title, Ready) VALUES ('Keyboard', 1)
INSERT INTO Instruments(Title, Ready) VALUES ('Keyboard', 1)
INSERT INTO Instruments(Title, Ready) VALUES ('Harp', 1)
INSERT INTO Instruments(Title, Ready) VALUES ('Harp', 1)
INSERT INTO Instruments(Title, Ready) VALUES ('Drums', 1)
INSERT INTO Instruments(Title, Ready) VALUES ('Drums', 1)
INSERT INTO Instruments(Title, Ready) VALUES ('Flute', 1)
INSERT INTO Instruments(Title, Ready) VALUES ('Flute', 1)
INSERT INTO Instruments(Title, Ready) VALUES ('Flute', 1)
INSERT INTO Instruments(Title, Ready) VALUES ('Flute', 1)
INSERT INTO Instruments(Title, Ready) VALUES ('Clarinet', 1)
INSERT INTO Instruments(Title, Ready) VALUES ('Clarinet', 1)
INSERT INTO Instruments(Title, Ready) VALUES ('Clarinet', 1)
INSERT INTO Instruments(Title, Ready) VALUES ('Acoustic guitar', 1)
INSERT INTO Instruments(Title, Ready) VALUES ('Acoustic guitar', 1)
INSERT INTO Instruments(Title, Ready) VALUES ('Acoustic guitar', 1)
INSERT INTO Instruments(Title, Ready) VALUES ('Bass guitar', 1)
INSERT INTO Instruments(Title, Ready) VALUES ('Bass guitar', 1)
INSERT INTO Instruments(Title, Ready) VALUES ('Bass guitar', 1)
INSERT INTO Instruments(Title, Ready) VALUES ('Electric guitar', 1)
INSERT INTO Instruments(Title, Ready) VALUES ('Electric guitar', 1)
INSERT INTO Instruments(Title, Ready) VALUES ('Electric guitar', 1)
INSERT INTO Instruments(Title, Ready) VALUES ('Trombone', 1)
INSERT INTO Instruments(Title, Ready) VALUES ('Trombone', 1)

INSERT INTO HallsCost(Title, Cost) VALUES ('Big hall', 500)
INSERT INTO HallsCost(Title, Cost) VALUES ('Middle hall', 400)
INSERT INTO HallsCost(Title, Cost) VALUES ('Small Hall', 300)

INSERT INTO Halls(Title, Ready) VALUES ('Big hall', 1)
INSERT INTO Halls(Title, Ready) VALUES ('Middle hall', 1)
INSERT INTO Halls(Title, Ready) VALUES ('Middle hall', 1)
INSERT INTO Halls(Title, Ready) VALUES ('Small Hall', 1)
INSERT INTO Halls(Title, Ready) VALUES ('Small Hall', 1)
INSERT INTO Halls(Title, Ready) VALUES ('Small Hall', 1)

INSERT INTO EquipmentCost(Title, Cost) VALUES ('Microphone', 200)
INSERT INTO EquipmentCost(Title, Cost) VALUES ('Pop filter', 200)
INSERT INTO EquipmentCost(Title, Cost) VALUES ('Headphones', 100)
INSERT INTO EquipmentCost(Title, Cost) VALUES ('Speakers', 150)

INSERT INTO Equipment(Title, Ready) VALUES ('Microphone', 1)
INSERT INTO Equipment(Title, Ready) VALUES ('Microphone', 1)
INSERT INTO Equipment(Title, Ready) VALUES ('Microphone', 1)
INSERT INTO Equipment(Title, Ready) VALUES ('Microphone', 1)
INSERT INTO Equipment(Title, Ready) VALUES ('Microphone', 1)
INSERT INTO Equipment(Title, Ready) VALUES ('Microphone', 1)
INSERT INTO Equipment(Title, Ready) VALUES ('Pop filter', 1)
INSERT INTO Equipment(Title, Ready) VALUES ('Pop filter', 1)
INSERT INTO Equipment(Title, Ready) VALUES ('Pop filter', 1)
INSERT INTO Equipment(Title, Ready) VALUES ('Pop filter', 1)
INSERT INTO Equipment(Title, Ready) VALUES ('Pop filter', 1)
INSERT INTO Equipment(Title, Ready) VALUES ('Headphones', 1)
INSERT INTO Equipment(Title, Ready) VALUES ('Headphones', 1)
INSERT INTO Equipment(Title, Ready) VALUES ('Headphones', 1)
INSERT INTO Equipment(Title, Ready) VALUES ('Headphones', 1)
INSERT INTO Equipment(Title, Ready) VALUES ('Speakers', 1)
INSERT INTO Equipment(Title, Ready) VALUES ('Speakers', 1)
INSERT INTO Equipment(Title, Ready) VALUES ('Speakers', 1)
INSERT INTO Equipment(Title, Ready) VALUES ('Speakers', 1)
INSERT INTO Equipment(Title, Ready) VALUES ('Speakers', 1)

INSERT INTO Jobs(Post, Pay, Salary) VALUES ('DJ', 500, 40000)
INSERT INTO Jobs(Post, Pay, Salary) VALUES ('Composer', 550, 45000)
INSERT INTO Jobs(Post, Pay, Salary) VALUES ('Sound engineer', 550, 50000)
INSERT INTO Jobs(Post, Pay, Salary) VALUES ('Musical-instrument tuner', 400, 35000)

INSERT INTO Staff(Post, FIO, Mail, Nickname, Pswd) VALUES ('Sound engineer', 'Anthony Harmon', 'harmon@mail.com', 'harmon', 'harmon')
INSERT INTO Staff(Post, FIO, Mail, Nickname, Pswd) VALUES ('Sound engineer', 'Susan Todd', 'todd@mail.com', 'todd', 'todd')
INSERT INTO Staff(Post, FIO, Mail, Nickname, Pswd) VALUES ('Composer', 'Baldwin Grant', 'grant@mail.com', 'grant', 'grant')
INSERT INTO Staff(Post, FIO, Mail, Nickname, Pswd) VALUES ('DJ', 'Vanessa Willis', 'willis@mail.com', 'willis', 'willis')
INSERT INTO Staff(Post, FIO, Mail, Nickname, Pswd) VALUES ('Musical-instrument tuner', 'Steven Kennedy', 'kennedy@mail.com', 'kennedy', 'kennedy')
INSERT INTO Staff(Post, FIO, Mail, Nickname, Pswd) VALUES ('Musical-instrument tuner', 'David West', 'west@mail.com', 'west', 'west')

INSERT INTO Clients(FIO, Mail, Nickname, Pswd) VALUES ('John Lennon', 'lennon@mail.ru', 'lennon', 'lennon')
INSERT INTO Clients(FIO, Mail, Nickname, Pswd) VALUES ('Paul McCartney', 'mccartney@mail.ru', 'mccartney', 'mccartney')
INSERT INTO Clients(FIO, Mail, Nickname, Pswd) VALUES ('George Harrison', 'harrison@mail.ru', 'harrison', 'harrison')
INSERT INTO Clients(FIO, Mail, Nickname, Pswd) VALUES ('Ringo Starr', 'starr@mail.ru', 'starr', 'starr')
INSERT INTO Clients(FIO, Mail, Nickname, Pswd) VALUES ('Aretha Franklin', 'franklin@mail.ru', 'franklin', 'franklin')
INSERT INTO Clients(FIO, Mail, Nickname, Pswd) VALUES ('Bob Dylan', 'dylan@mail.ru', 'dylan', 'dylan')

INSERT INTO Contracts(DateOfDeal, TimeOfBegin, TimeOfEnd, Id) VALUES ('2019-12-23', '12:00', '18:00', 1)
INSERT INTO Contracts(DateOfDeal, TimeOfBegin, TimeOfEnd, Id) VALUES ('2019-12-25', '14:00', '18:00', 1)
INSERT INTO Contracts(DateOfDeal, TimeOfBegin, TimeOfEnd, Id) VALUES ('2019-12-23', '10:00', '15:00', 2)
INSERT INTO Contracts(DateOfDeal, TimeOfBegin, TimeOfEnd, Id) VALUES ('2019-12-14', '11:00', '16:00', 3)
INSERT INTO Contracts(DateOfDeal, TimeOfBegin, TimeOfEnd, Id) VALUES ('2019-12-17', '15:00', '18:00', 4)
INSERT INTO Contracts(DateOfDeal, TimeOfBegin, TimeOfEnd, Id) VALUES ('2019-12-28', '13:00', '17:00', 5)
INSERT INTO Contracts(DateOfDeal, TimeOfBegin, TimeOfEnd, Id) VALUES ('2019-12-23', '12:00', '18:00', 5)
INSERT INTO Contracts(DateOfDeal, TimeOfBegin, TimeOfEnd, Id) VALUES ('2019-12-08', '14:00', '19:00', 6)

INSERT INTO Contents(NumHall, Number) VALUES (5,  1)
INSERT INTO Contents(NumEq, Number) VALUES (1,  1)
INSERT INTO Contents(NumEq, Number) VALUES (13, 1)
INSERT INTO Contents(NumEq, Number) VALUES (18, 1)
INSERT INTO Contents(NumInst, Number) VALUES (8, 1)
INSERT INTO Contents(NumInst, Number) VALUES (17, 1)

INSERT INTO Contents(NumHall, Number) VALUES (4,  2)
INSERT INTO Contents(Id, Number) VALUES (1,  2)
INSERT INTO Contents(Id, Number) VALUES (5,  2)
INSERT INTO Contents(NumEq, Number) VALUES (2,  2)
INSERT INTO Contents(NumEq, Number) VALUES (14, 2)
INSERT INTO Contents(NumEq, Number) VALUES (19, 2)

INSERT INTO Contents(NumHall, Number) VALUES (1,  2)
INSERT INTO Contents(NumEq, Number) VALUES (3,  3)
INSERT INTO Contents(NumEq, Number) VALUES (9,  3)
INSERT INTO Contents(NumEq, Number) VALUES (19, 3)
INSERT INTO Contents(NumInst, Number) VALUES (30, 3)
INSERT INTO Contents(NumInst, Number) VALUES (32, 3)
INSERT INTO Contents(NumInst, Number) VALUES (16, 3)
INSERT INTO Contents(NumInst, Number) VALUES (12, 3)


INSERT INTO Contents(NumHall, Number) VALUES (2,  3)
INSERT INTO Contents(NumEq, Number) VALUES (3,  3)
INSERT INTO Contents(NumEq, Number) VALUES (9,  3)
INSERT INTO Contents(NumEq, Number) VALUES (19, 3)
INSERT INTO Contents(NumInst, Number) VALUES (30, 3)
INSERT INTO Contents(NumInst, Number) VALUES (32, 3)
INSERT INTO Contents(NumInst, Number) VALUES (16, 3)
INSERT INTO Contents(NumInst, Number) VALUES (12, 3)

INSERT INTO Contents(NumHall, Number) VALUES (3,  4)
INSERT INTO Contents(NumEq, Number) VALUES (3,  4)
INSERT INTO Contents(NumEq, Number) VALUES (9,  4)
INSERT INTO Contents(NumEq, Number) VALUES (19, 4)
INSERT INTO Contents(NumInst, Number) VALUES (30, 4)
INSERT INTO Contents(NumInst, Number) VALUES (32, 4)
INSERT INTO Contents(NumInst, Number) VALUES (16, 4)
INSERT INTO Contents(NumInst, Number) VALUES (12, 4)

INSERT INTO Contents(NumHall, Number) VALUES (6,  8)
INSERT INTO Contents(NumEq, Number) VALUES (9,  8)
INSERT INTO Contents(NumEq, Number) VALUES (19, 8)
INSERT INTO Contents(NumInst, Number) VALUES (13, 8)
INSERT INTO Contents(NumInst, Number) VALUES (22, 8)

DELETE FROM Contents
DELETE FROM Contracts
DELETE FROM RepairCost

INSERT INTO Admins(FIO, Mail, Nickname, Pswd) VALUES ('Oliver Johns', 'johns@mail.com', 'johns', 'johns')